title,url,id,location,xl url,img_name,xl img,date,department
Antenna Engineer,https://boards.greenhouse.io/spacex/jobs/4138793002?gh_jid=4138793002,4138793002,"Redmond, WA, United States",View Online,spacex_job_images/4138793002.png,Job Img,4/23/2019,
Hardware Development Engineer,https://boards.greenhouse.io/spacex/jobs/4216281002?gh_jid=4216281002,4216281002,"Hawthorne, CA, United States",View Online,spacex_job_images/4216281002.png,Job Img,4/23/2019,
Lead Hardware Development Engineer (Starlink User Terminal),https://boards.greenhouse.io/spacex/jobs/4137973002?gh_jid=4137973002,4137973002,"Hawthorne, CA, United States",View Online,spacex_job_images/4137973002.png,Job Img,4/23/2019,
Mechanical Engineer (Batteries),https://boards.greenhouse.io/spacex/jobs/4137851002?gh_jid=4137851002,4137851002,"Hawthorne, CA, United States",View Online,spacex_job_images/4137851002.png,Job Img,4/23/2019,
RF Lab Manager,https://boards.greenhouse.io/spacex/jobs/4267118002?gh_jid=4267118002,4267118002,"Redmond, WA, United States",View Online,spacex_job_images/4267118002.png,Job Img,4/23/2019,
Sr. Hardware Development Engineer,https://boards.greenhouse.io/spacex/jobs/4205555002?gh_jid=4205555002,4205555002,"Hawthorne, CA, United States",View Online,spacex_job_images/4205555002.png,Job Img,4/23/2019,
Sr. Hardware Development Engineer (Top Secret Cleared),https://boards.greenhouse.io/spacex/jobs/4116370002?gh_jid=4116370002,4116370002,"Hawthorne, CA, United States",View Online,spacex_job_images/4116370002.png,Job Img,4/23/2019,
Avionics Integration Engineer (Falcon),https://boards.greenhouse.io/spacex/jobs/4246710002?gh_jid=4246710002,4246710002,"Hawthorne, CA, United States",View Online,spacex_job_images/4246710002.png,Job Img,4/23/2019,
Avionics Systems Engineer (Dragon),https://boards.greenhouse.io/spacex/jobs/4219939002?gh_jid=4219939002,4219939002,"Hawthorne, CA, United States",View Online,spacex_job_images/4219939002.png,Job Img,4/23/2019,
Compliance Engineer,https://boards.greenhouse.io/spacex/jobs/4148264002?gh_jid=4148264002,4148264002,"Hawthorne, CA, United States",View Online,spacex_job_images/4148264002.png,Job Img,4/23/2019,
Network Engineer (Starlink),https://boards.greenhouse.io/spacex/jobs/4205870002?gh_jid=4205870002,4205870002,"Redmond, WA, United States",View Online,spacex_job_images/4205870002.png,Job Img,4/23/2019,
Strategy Associate,https://boards.greenhouse.io/spacex/jobs/4263190002?gh_jid=4263190002,4263190002,"Redmond, WA, United States",View Online,spacex_job_images/4263190002.png,Job Img,4/23/2019,
Avionics Hardware Engineer – Test Engineering,https://boards.greenhouse.io/spacex/jobs/4252005002?gh_jid=4252005002,4252005002,"Hawthorne, CA, United States",View Online,spacex_job_images/4252005002.png,Job Img,4/23/2019,
Build Reliability Engineer (Starlink User Terminal),https://boards.greenhouse.io/spacex/jobs/4259670002?gh_jid=4259670002,4259670002,"Hawthorne, CA, United States",View Online,spacex_job_images/4259670002.png,Job Img,4/23/2019,
Launch Build Reliability Engineer,https://boards.greenhouse.io/spacex/jobs/4096821002?gh_jid=4096821002,4096821002,"Cape Canaveral, FL, United States",View Online,spacex_job_images/4096821002.png,Job Img,4/23/2019,
Metrology Technician,https://boards.greenhouse.io/spacex/jobs/4230360002?gh_jid=4230360002,4230360002,"Hawthorne, CA, United States",View Online,spacex_job_images/4230360002.png,Job Img,4/23/2019,
Software Flight Reliability Engineer,https://boards.greenhouse.io/spacex/jobs/4204895002?gh_jid=4204895002,4204895002,"Hawthorne, CA, United States",View Online,spacex_job_images/4204895002.png,Job Img,4/23/2019,
Environmental Health & Safety Engineer,https://boards.greenhouse.io/spacex/jobs/4236195002?gh_jid=4236195002,4236195002,"Hawthorne, CA, United States",View Online,spacex_job_images/4236195002.png,Job Img,4/23/2019,
Environmental Health & Safety Specialist - Temporary Position,https://boards.greenhouse.io/spacex/jobs/4256920002?gh_jid=4256920002,4256920002,"Hawthorne, CA, United States",View Online,spacex_job_images/4256920002.png,Job Img,4/23/2019,
Mechanical Facilities Technician,https://boards.greenhouse.io/spacex/jobs/4227385002?gh_jid=4227385002,4227385002,"Cape Canaveral, FL, United States",View Online,spacex_job_images/4227385002.png,Job Img,4/23/2019,
Accounts Payable Specialist,https://boards.greenhouse.io/spacex/jobs/4234064002?gh_jid=4234064002,4234064002,"Hawthorne, CA, United States",View Online,spacex_job_images/4234064002.png,Job Img,4/23/2019,
Purchasing Coordinator,https://boards.greenhouse.io/spacex/jobs/4252181002?gh_jid=4252181002,4252181002,"Hawthorne, CA, United States",View Online,spacex_job_images/4252181002.png,Job Img,4/23/2019,
Cook,https://boards.greenhouse.io/spacex/jobs/4219947002?gh_jid=4219947002,4219947002,"Cape Canaveral, FL, United States",View Online,spacex_job_images/4219947002.png,Job Img,4/23/2019,
Dining Room Attendant,https://boards.greenhouse.io/spacex/jobs/4219956002?gh_jid=4219956002,4219956002,"McGregor, TX, United States",View Online,spacex_job_images/4219956002.png,Job Img,4/23/2019,
GNC Mission Design Engineer,https://boards.greenhouse.io/spacex/jobs/4187204002?gh_jid=4187204002,4187204002,"Hawthorne, CA, United States",View Online,spacex_job_images/4187204002.png,Job Img,4/23/2019,
Satellite Mission Design Engineer,https://boards.greenhouse.io/spacex/jobs/4117404002?gh_jid=4117404002,4117404002,"Hawthorne, CA, United States",View Online,spacex_job_images/4117404002.png,Job Img,4/23/2019,
Benefits Coordinator - Temporary Position,https://boards.greenhouse.io/spacex/jobs/4265131002?gh_jid=4265131002,4265131002,"Hawthorne, CA, United States",View Online,spacex_job_images/4265131002.png,Job Img,4/23/2019,
Information Security Analyst (SOC),https://boards.greenhouse.io/spacex/jobs/4260848002?gh_jid=4260848002,4260848002,"Hawthorne, CA, United States",View Online,spacex_job_images/4260848002.png,Job Img,4/23/2019,
IT Linux Systems Engineer (Top Secret Cleared),https://boards.greenhouse.io/spacex/jobs/4263205002?gh_jid=4263205002,4263205002,"Hawthorne, CA, United States",View Online,spacex_job_images/4263205002.png,Job Img,4/23/2019,
IT Services Technician II - Cape Launch Operations Systems,https://boards.greenhouse.io/spacex/jobs/4270192002?gh_jid=4270192002,4270192002,"Cape Canaveral, FL, United States",View Online,spacex_job_images/4270192002.png,Job Img,4/23/2019,
Civil Engineer,https://boards.greenhouse.io/spacex/jobs/4252157002?gh_jid=4252157002,4252157002,"Hawthorne, CA, United States",View Online,spacex_job_images/4252157002.png,Job Img,4/23/2019,
Electrical Power Launch Engineer,https://boards.greenhouse.io/spacex/jobs/4193605002?gh_jid=4193605002,4193605002,"Cape Canaveral, FL, United States",View Online,spacex_job_images/4193605002.png,Job Img,4/23/2019,
"Integration Engineer, Dragon Ground Operations",https://boards.greenhouse.io/spacex/jobs/4193954002?gh_jid=4193954002,4193954002,"Cape Canaveral, FL, United States",View Online,spacex_job_images/4193954002.png,Job Img,4/23/2019,
Electrician,https://boards.greenhouse.io/spacex/jobs/4212759002?gh_jid=4212759002,4212759002,"Cape Canaveral, FL, United States",View Online,spacex_job_images/4212759002.png,Job Img,4/23/2019,
Launch Logistics Specialist,https://boards.greenhouse.io/spacex/jobs/4255964002?gh_jid=4255964002,4255964002,"Cape Canaveral, FL, United States",View Online,spacex_job_images/4255964002.png,Job Img,4/23/2019,
Process Planner,https://boards.greenhouse.io/spacex/jobs/4269705002?gh_jid=4269705002,4269705002,"Cape Canaveral, FL, United States",View Online,spacex_job_images/4269705002.png,Job Img,4/23/2019,
"Test Specialist, Dragon Ground Operations",https://boards.greenhouse.io/spacex/jobs/4239944002?gh_jid=4239944002,4239944002,"Cape Canaveral, FL, United States",View Online,spacex_job_images/4239944002.png,Job Img,4/23/2019,
Vehicle Integration Technician (Starship),https://boards.greenhouse.io/spacex/jobs/4250148002?gh_jid=4250148002,4250148002,"Cape Canaveral, FL, United States",View Online,spacex_job_images/4250148002.png,Job Img,4/23/2019,
Welder,https://boards.greenhouse.io/spacex/jobs/4245917002?gh_jid=4245917002,4245917002,"Cape Canaveral, FL, United States",View Online,spacex_job_images/4245917002.png,Job Img,4/23/2019,
Sr. Contracts Officer,https://boards.greenhouse.io/spacex/jobs/4210497002?gh_jid=4210497002,4210497002,"Hawthorne, CA, United States",View Online,spacex_job_images/4210497002.png,Job Img,4/23/2019,
Automation & Controls Engineer,https://boards.greenhouse.io/spacex/jobs/4251116002?gh_jid=4251116002,4251116002,"Redmond, WA, United States",View Online,spacex_job_images/4251116002.png,Job Img,4/23/2019,
Lead Manufacturing Engineer (Dragon Mechanisms),https://boards.greenhouse.io/spacex/jobs/4252046002?gh_jid=4252046002,4252046002,"Hawthorne, CA, United States",View Online,spacex_job_images/4252046002.png,Job Img,4/23/2019,
Lead Manufacturing Engineer - Avionics Test Lab,https://boards.greenhouse.io/spacex/jobs/4251789002?gh_jid=4251789002,4251789002,"Hawthorne, CA, United States",View Online,spacex_job_images/4251789002.png,Job Img,4/23/2019,
Manufacturing Development Engineer (Structures),https://boards.greenhouse.io/spacex/jobs/4217083002?gh_jid=4217083002,4217083002,"Hawthorne, CA, United States",View Online,spacex_job_images/4217083002.png,Job Img,4/23/2019,
Manufacturing Engineer (Electromechanical PCB),https://boards.greenhouse.io/spacex/jobs/4141544002?gh_jid=4141544002,4141544002,"Hawthorne, CA, United States",View Online,spacex_job_images/4141544002.png,Job Img,4/23/2019,
Manufacturing Engineer (PCBA SMT),https://boards.greenhouse.io/spacex/jobs/4201396002?gh_jid=4201396002,4201396002,"Hawthorne, CA, United States",View Online,spacex_job_images/4201396002.png,Job Img,4/23/2019,
Avionics Production Manager – PCBA & Electro-Mechanical Assembly (User Terminal),https://boards.greenhouse.io/spacex/jobs/4231479002?gh_jid=4231479002,4231479002,"Hawthorne, CA, United States",View Online,spacex_job_images/4231479002.png,Job Img,4/23/2019,
Avionics Production Supervisor - Solar Arrays (2nd shift),https://boards.greenhouse.io/spacex/jobs/4229638002?gh_jid=4229638002,4229638002,"Hawthorne, CA, United States",View Online,spacex_job_images/4229638002.png,Job Img,4/23/2019,
Manufacturing Engineering Manager - Avionics New Product Introduction),https://boards.greenhouse.io/spacex/jobs/4255350002?gh_jid=4255350002,4255350002,"Hawthorne, CA, United States",View Online,spacex_job_images/4255350002.png,Job Img,4/23/2019,
Satellite Integration Production Supervisor,https://boards.greenhouse.io/spacex/jobs/4213067002?gh_jid=4213067002,4213067002,"Redmond, WA, United States",View Online,spacex_job_images/4213067002.png,Job Img,4/23/2019,
Avionics Technical Writer (Test Lab),https://boards.greenhouse.io/spacex/jobs/4131481002?gh_jid=4131481002,4131481002,"Hawthorne, CA, United States",View Online,spacex_job_images/4131481002.png,Job Img,4/23/2019,
Transport Technician,https://boards.greenhouse.io/spacex/jobs/4238254002?gh_jid=4238254002,4238254002,"Hawthorne, CA, United States",View Online,spacex_job_images/4238254002.png,Job Img,4/23/2019,
Avionics Quality Inspector,https://boards.greenhouse.io/spacex/jobs/4225921002?gh_jid=4225921002,4225921002,"Hawthorne, CA, United States",View Online,spacex_job_images/4225921002.png,Job Img,4/23/2019,
Lead Avionics Quality Inspector,https://boards.greenhouse.io/spacex/jobs/4119534002?gh_jid=4119534002,4119534002,"Hawthorne, CA, United States",View Online,spacex_job_images/4119534002.png,Job Img,4/23/2019,
Quality Inspector (Composites and Integration),https://boards.greenhouse.io/spacex/jobs/4245672002?gh_jid=4245672002,4245672002,"Hawthorne, CA, United States",View Online,spacex_job_images/4245672002.png,Job Img,4/23/2019,
Quality Inspector - Dragon Spacecraft 2nd Shift,https://boards.greenhouse.io/spacex/jobs/4249004002?gh_jid=4249004002,4249004002,"Hawthorne, CA, United States",View Online,spacex_job_images/4249004002.png,Job Img,4/23/2019,
Test Technician,https://boards.greenhouse.io/spacex/jobs/4233007002?gh_jid=4233007002,4233007002,"Hawthorne, CA, United States",View Online,spacex_job_images/4233007002.png,Job Img,4/23/2019,
5-Axis CNC Machinist - 2nd Shift,https://boards.greenhouse.io/spacex/jobs/4241045002?gh_jid=4241045002,4241045002,"Hawthorne, CA, United States",View Online,spacex_job_images/4241045002.png,Job Img,4/23/2019,
Avionics Electro-Mechanical Technician,https://boards.greenhouse.io/spacex/jobs/4237616002?gh_jid=4237616002,4237616002,"Hawthorne, CA, United States",View Online,spacex_job_images/4237616002.png,Job Img,4/23/2019,
Avionics Wire Harness Technician,https://boards.greenhouse.io/spacex/jobs/4206451002?gh_jid=4206451002,4206451002,"Hawthorne, CA, United States",View Online,spacex_job_images/4206451002.png,Job Img,4/23/2019,
CNC VTL Machinist,https://boards.greenhouse.io/spacex/jobs/4230547002?gh_jid=4230547002,4230547002,"Hawthorne, CA, United States",View Online,spacex_job_images/4230547002.png,Job Img,4/23/2019,
CNC VTL Machinist - 2nd Shift (Weekend),https://boards.greenhouse.io/spacex/jobs/4230535002?gh_jid=4230535002,4230535002,"Hawthorne, CA, United States",View Online,spacex_job_images/4230535002.png,Job Img,4/23/2019,
Environmental Test Technician,https://boards.greenhouse.io/spacex/jobs/4220174002?gh_jid=4220174002,4220174002,"Redmond, WA, United States",View Online,spacex_job_images/4220174002.png,Job Img,4/23/2019,
Integration Technician (Dragon Spacecraft),https://boards.greenhouse.io/spacex/jobs/4233807002?gh_jid=4233807002,4233807002,"Hawthorne, CA, United States",View Online,spacex_job_images/4233807002.png,Job Img,4/23/2019,
Lead Avionics Electro-Mechanical Technician - Tech User Terminal,https://boards.greenhouse.io/spacex/jobs/4192794002?gh_jid=4192794002,4192794002,"Hawthorne, CA, United States",View Online,spacex_job_images/4192794002.png,Job Img,4/23/2019,
Machine Maintenance Technician,https://boards.greenhouse.io/spacex/jobs/4246192002?gh_jid=4246192002,4246192002,"Hawthorne, CA, United States",View Online,spacex_job_images/4246192002.png,Job Img,4/23/2019,
Mechanisms Technician - Dragon Spacecraft,https://boards.greenhouse.io/spacex/jobs/4241561002?gh_jid=4241561002,4241561002,"Hawthorne, CA, United States",View Online,spacex_job_images/4241561002.png,Job Img,4/23/2019,
Production Coordinator,https://boards.greenhouse.io/spacex/jobs/4242970002?gh_jid=4242970002,4242970002,"Hawthorne, CA, United States",View Online,spacex_job_images/4242970002.png,Job Img,4/23/2019,
Quality Inspector,https://boards.greenhouse.io/spacex/jobs/4106163002?gh_jid=4106163002,4106163002,"Hawthorne, CA, United States",View Online,spacex_job_images/4106163002.png,Job Img,4/23/2019,
Satellite Solar Technician,https://boards.greenhouse.io/spacex/jobs/4106193002?gh_jid=4106193002,4106193002,"Redmond, WA, United States",View Online,spacex_job_images/4106193002.png,Job Img,4/23/2019,
SMT Technician,https://boards.greenhouse.io/spacex/jobs/4231466002?gh_jid=4231466002,4231466002,"Hawthorne, CA, United States",View Online,spacex_job_images/4231466002.png,Job Img,4/23/2019,
TIG Welder (Merlin Vacuum Engine),https://boards.greenhouse.io/spacex/jobs/4232810002?gh_jid=4232810002,4232810002,"Hawthorne, CA, United States",View Online,spacex_job_images/4232810002.png,Job Img,4/23/2019,
TIG Welder (Thrust Chamber Assembly),https://boards.greenhouse.io/spacex/jobs/4220188002?gh_jid=4220188002,4220188002,"Hawthorne, CA, United States",View Online,spacex_job_images/4220188002.png,Job Img,4/23/2019,
Foundry Automation and Controls Engineer,https://boards.greenhouse.io/spacex/jobs/4260712002?gh_jid=4260712002,4260712002,"Hawthorne, CA, United States",View Online,spacex_job_images/4260712002.png,Job Img,4/23/2019,
"Manufacturing Engineer, Ceramics Processing",https://boards.greenhouse.io/spacex/jobs/4234674002?gh_jid=4234674002,4234674002,"Hawthorne, CA, United States",View Online,spacex_job_images/4234674002.png,Job Img,4/23/2019,
"Materials Technician, Finishing Operations",https://boards.greenhouse.io/spacex/jobs/4262071002?gh_jid=4262071002,4262071002,"Hawthorne, CA, United States",View Online,spacex_job_images/4262071002.png,Job Img,4/23/2019,
"Materials Technician, Mechanical Test",https://boards.greenhouse.io/spacex/jobs/4252719002?gh_jid=4252719002,4252719002,"Hawthorne, CA, United States",View Online,spacex_job_images/4252719002.png,Job Img,4/23/2019,
Sr. Casting Design Engineer,https://boards.greenhouse.io/spacex/jobs/4234861002?gh_jid=4234861002,4234861002,"Hawthorne, CA, United States",View Online,spacex_job_images/4234861002.png,Job Img,4/23/2019,
Welder (Foundry),https://boards.greenhouse.io/spacex/jobs/4242608002?gh_jid=4242608002,4242608002,"Hawthorne, CA, United States",View Online,spacex_job_images/4242608002.png,Job Img,4/23/2019,
Mission Integration Engineer (Top Secret Cleared),https://boards.greenhouse.io/spacex/jobs/4112965002?gh_jid=4112965002,4112965002,"Hawthorne, CA, United States",View Online,spacex_job_images/4112965002.png,Job Img,4/23/2019,
Program Master Scheduler (Top Secret Cleared),https://boards.greenhouse.io/spacex/jobs/4112992002?gh_jid=4112992002,4112992002,"Hawthorne, CA, United States",View Online,spacex_job_images/4112992002.png,Job Img,4/23/2019,
"NDE (Non-Destructive Evaluation) Level II Technician, Eddy Current - 2nd Shift",https://boards.greenhouse.io/spacex/jobs/4263593002?gh_jid=4263593002,4263593002,"Hawthorne, CA, United States",View Online,spacex_job_images/4263593002.png,Job Img,4/23/2019,
Information System Security Officer (ISSO),https://boards.greenhouse.io/spacex/jobs/4213108002?gh_jid=4213108002,4213108002,"Hawthorne, CA, United States",View Online,spacex_job_images/4213108002.png,Job Img,4/23/2019,
Security Coordinator,https://boards.greenhouse.io/spacex/jobs/4129952002?gh_jid=4129952002,4129952002,"Hawthorne, CA, United States",View Online,spacex_job_images/4129952002.png,Job Img,4/23/2019,
Security Officer - Level 1,https://boards.greenhouse.io/spacex/jobs/4252146002?gh_jid=4252146002,4252146002,"Cape Canaveral, FL, United States",View Online,spacex_job_images/4252146002.png,Job Img,4/23/2019,
Security Officer - Level 2,https://boards.greenhouse.io/spacex/jobs/4213363002?gh_jid=4213363002,4213363002,"Cape Canaveral, FL, United States",View Online,spacex_job_images/4213363002.png,Job Img,4/23/2019,
Security Officer - Level 2,https://boards.greenhouse.io/spacex/jobs/4207799002?gh_jid=4207799002,4207799002,"Brownsville, TX, United States",View Online,spacex_job_images/4207799002.png,Job Img,4/23/2019,
Security Officer 3,https://boards.greenhouse.io/spacex/jobs/4267733002?gh_jid=4267733002,4267733002,"Hawthorne, CA, United States",View Online,spacex_job_images/4267733002.png,Job Img,4/23/2019,
"Supervisor, Security",https://boards.greenhouse.io/spacex/jobs/4126340002?gh_jid=4126340002,4126340002,"Hawthorne, CA, United States",View Online,spacex_job_images/4126340002.png,Job Img,4/23/2019,
Propulsion Liaison Engineer,https://boards.greenhouse.io/spacex/jobs/4252884002?gh_jid=4252884002,4252884002,"Hawthorne, CA, United States",View Online,spacex_job_images/4252884002.png,Job Img,4/23/2019,
C++ Software Engineer (Top Secret Clearance),https://boards.greenhouse.io/spacex/jobs/4267165002?gh_jid=4267165002,4267165002,"Hawthorne, CA, United States",View Online,spacex_job_images/4267165002.png,Job Img,4/23/2019,
Firmware Engineer,https://boards.greenhouse.io/spacex/jobs/4134761002?gh_jid=4134761002,4134761002,"Hawthorne, CA, United States",View Online,spacex_job_images/4134761002.png,Job Img,4/23/2019,
Security Software Engineer,https://boards.greenhouse.io/spacex/jobs/4140197002?gh_jid=4140197002,4140197002,"Hawthorne, CA, United States",View Online,spacex_job_images/4140197002.png,Job Img,4/23/2019,
Senior Full Stack Software Engineer,https://boards.greenhouse.io/spacex/jobs/4262032002?gh_jid=4262032002,4262032002,"Hawthorne, CA, United States",View Online,spacex_job_images/4262032002.png,Job Img,4/23/2019,
Senior Software Engineer (Simulation Software),https://boards.greenhouse.io/spacex/jobs/4218067002?gh_jid=4218067002,4218067002,"Hawthorne, CA, United States",View Online,spacex_job_images/4218067002.png,Job Img,4/23/2019,
Senior Software Engineer - Full Stack & Database Administration,https://boards.greenhouse.io/spacex/jobs/4247869002?gh_jid=4247869002,4247869002,"Hawthorne, CA, United States",View Online,spacex_job_images/4247869002.png,Job Img,4/23/2019,
Software Engineer (Build and Release),https://boards.greenhouse.io/spacex/jobs/4239739002?gh_jid=4239739002,4239739002,"Hawthorne, CA, United States",View Online,spacex_job_images/4239739002.png,Job Img,4/23/2019,
Software Engineer (Starlink),https://boards.greenhouse.io/spacex/jobs/4261916002?gh_jid=4261916002,4261916002,"Redmond, WA, United States",View Online,spacex_job_images/4261916002.png,Job Img,4/23/2019,
Software Operations Engineer,https://boards.greenhouse.io/spacex/jobs/4262123002?gh_jid=4262123002,4262123002,"Hawthorne, CA, United States",View Online,spacex_job_images/4262123002.png,Job Img,4/23/2019,
Sr. Wireless Protocol Software Engineer,https://boards.greenhouse.io/spacex/jobs/4229220002?gh_jid=4229220002,4229220002,"Palo Alto, CA, United States",View Online,spacex_job_images/4229220002.png,Job Img,4/23/2019,
"Dragon Controller, Integration & Test Engineer",https://boards.greenhouse.io/spacex/jobs/4113109002?gh_jid=4113109002,4113109002,"Hawthorne, CA, United States",View Online,spacex_job_images/4113109002.png,Job Img,4/23/2019,
Space Operations Engineer,https://boards.greenhouse.io/spacex/jobs/4112695002?gh_jid=4112695002,4112695002,"Hawthorne, CA, United States",View Online,spacex_job_images/4112695002.png,Job Img,4/23/2019,
Associate Buyer,https://boards.greenhouse.io/spacex/jobs/4264270002?gh_jid=4264270002,4264270002,"Hawthorne, CA, United States",View Online,spacex_job_images/4264270002.png,Job Img,4/23/2019,
Buyer - Mechanical,https://boards.greenhouse.io/spacex/jobs/4237626002?gh_jid=4237626002,4237626002,"Hawthorne, CA, United States",View Online,spacex_job_images/4237626002.png,Job Img,4/23/2019,
"Buyer, Strategic Sourcing – Composites",https://boards.greenhouse.io/spacex/jobs/4101665002?gh_jid=4101665002,4101665002,"Hawthorne, CA, United States",View Online,spacex_job_images/4101665002.png,Job Img,4/23/2019,
Global Logistics Specialist,https://boards.greenhouse.io/spacex/jobs/4141161002?gh_jid=4141161002,4141161002,"Redmond, WA, United States",View Online,spacex_job_images/4141161002.png,Job Img,4/23/2019,
Inventory Specialist,https://boards.greenhouse.io/spacex/jobs/4258581002?gh_jid=4258581002,4258581002,"Hawthorne, CA, United States",View Online,spacex_job_images/4258581002.png,Job Img,4/23/2019,
Inventory Specialist (Weekend Shift),https://boards.greenhouse.io/spacex/jobs/4258584002?gh_jid=4258584002,4258584002,"Hawthorne, CA, United States",View Online,spacex_job_images/4258584002.png,Job Img,4/23/2019,
Inventory Specialist - 2nd Shift,https://boards.greenhouse.io/spacex/jobs/4251408002?gh_jid=4251408002,4251408002,"McGregor, TX, United States",View Online,spacex_job_images/4251408002.png,Job Img,4/23/2019,
Material Handler (2nd Shift),https://boards.greenhouse.io/spacex/jobs/4254020002?gh_jid=4254020002,4254020002,"Hawthorne, CA, United States",View Online,spacex_job_images/4254020002.png,Job Img,4/23/2019,
Material Transfer Driver (2nd Shift),https://boards.greenhouse.io/spacex/jobs/4258578002?gh_jid=4258578002,4258578002,"Hawthorne, CA, United States",View Online,spacex_job_images/4258578002.png,Job Img,4/23/2019,
Purchasing Coordinator,https://boards.greenhouse.io/spacex/jobs/4266943002?gh_jid=4266943002,4266943002,"Redmond, WA, United States",View Online,spacex_job_images/4266943002.png,Job Img,4/23/2019,
Sr. Supplier Development Engineer (Electromechanical),https://boards.greenhouse.io/spacex/jobs/4115146002?gh_jid=4115146002,4115146002,"Redmond, WA, United States",View Online,spacex_job_images/4115146002.png,Job Img,4/23/2019,
Sr. Supplier Development Engineer - Electromechanical,https://boards.greenhouse.io/spacex/jobs/4139310002?gh_jid=4139310002,4139310002,"Hawthorne, CA, United States",View Online,spacex_job_images/4139310002.png,Job Img,4/23/2019,
"Supervisor, Materials Management (2nd Shift)",https://boards.greenhouse.io/spacex/jobs/4201324002?gh_jid=4201324002,4201324002,"Hawthorne, CA, United States",View Online,spacex_job_images/4201324002.png,Job Img,4/23/2019,
Supplier Development Engineer - Harnessing,https://boards.greenhouse.io/spacex/jobs/4191023002?gh_jid=4191023002,4191023002,"Hawthorne, CA, United States",View Online,spacex_job_images/4191023002.png,Job Img,4/23/2019,
Supplier Quality Engineer - Resident,https://boards.greenhouse.io/spacex/jobs/4220797002?gh_jid=4220797002,4220797002,"Hawthorne, CA, United States",View Online,spacex_job_images/4220797002.png,Job Img,4/23/2019,
Supply Chain Manager - Electromechanical,https://boards.greenhouse.io/spacex/jobs/4206294002?gh_jid=4206294002,4206294002,"Redmond, WA, United States",View Online,spacex_job_images/4206294002.png,Job Img,4/23/2019,
Supply Chain Reliability Engineer - Surveillance (Avionics),https://boards.greenhouse.io/spacex/jobs/4070195002?gh_jid=4070195002,4070195002,"Hawthorne, CA, United States",View Online,spacex_job_images/4070195002.png,Job Img,4/23/2019,
Facilities Plant Engineer (Electrical),https://boards.greenhouse.io/spacex/jobs/4141522002?gh_jid=4141522002,4141522002,"McGregor, TX, United States",View Online,spacex_job_images/4141522002.png,Job Img,4/23/2019,
Test Operations Engineer,https://boards.greenhouse.io/spacex/jobs/4224667002?gh_jid=4224667002,4224667002,"McGregor, TX, United States",View Online,spacex_job_images/4224667002.png,Job Img,4/23/2019,
Electronics Technician,https://boards.greenhouse.io/spacex/jobs/4229855002?gh_jid=4229855002,4229855002,"McGregor, TX, United States",View Online,spacex_job_images/4229855002.png,Job Img,4/23/2019,
Laser Tracker Toolmaker,https://boards.greenhouse.io/spacex/jobs/4149671002?gh_jid=4149671002,4149671002,"McGregor, TX, United States",View Online,spacex_job_images/4149671002.png,Job Img,4/23/2019,
Maintenance Technician,https://boards.greenhouse.io/spacex/jobs/4227143002?gh_jid=4227143002,4227143002,"McGregor, TX, United States",View Online,spacex_job_images/4227143002.png,Job Img,4/23/2019,
Plasma Cutting System Operator,https://boards.greenhouse.io/spacex/jobs/4216044002?gh_jid=4216044002,4216044002,"McGregor, TX, United States",View Online,spacex_job_images/4216044002.png,Job Img,4/23/2019,
Shipping & Receiving Clerk,https://boards.greenhouse.io/spacex/jobs/4255676002?gh_jid=4255676002,4255676002,"McGregor, TX, United States",View Online,spacex_job_images/4255676002.png,Job Img,4/23/2019,
Test Development Technician,https://boards.greenhouse.io/spacex/jobs/4206022002?gh_jid=4206022002,4206022002,"McGregor, TX, United States",View Online,spacex_job_images/4206022002.png,Job Img,4/23/2019,
Test Operations Technician,https://boards.greenhouse.io/spacex/jobs/4210349002?gh_jid=4210349002,4210349002,"McGregor, TX, United States",View Online,spacex_job_images/4210349002.png,Job Img,4/23/2019,
Multibody Dynamics Engineer,https://boards.greenhouse.io/spacex/jobs/4247796002?gh_jid=4247796002,4247796002,"Hawthorne, CA, United States",View Online,spacex_job_images/4247796002.png,Job Img,4/23/2019,
Build Engineer (Starship),https://boards.greenhouse.io/spacex/jobs/4218748002?gh_jid=4218748002,4218748002,"Brownsville, TX, United States",View Online,spacex_job_images/4218748002.png,Job Img,4/23/2019,
CNC Lathe Machinist,https://boards.greenhouse.io/spacex/jobs/4220183002?gh_jid=4220183002,4220183002,"Hawthorne, CA, United States",View Online,spacex_job_images/4220183002.png,Job Img,4/23/2019,
Mechanical Engineer (Vehicle Development),https://boards.greenhouse.io/spacex/jobs/4263225002?gh_jid=4263225002,4263225002,"Hawthorne, CA, United States",View Online,spacex_job_images/4263225002.png,Job Img,4/23/2019,
SMT Process Engineer (Starlink),https://boards.greenhouse.io/spacex/jobs/4251132002?gh_jid=4251132002,4251132002,"Hawthorne, CA, United States",View Online,spacex_job_images/4251132002.png,Job Img,4/23/2019,
Tank Fabricator/Welder,https://boards.greenhouse.io/spacex/jobs/4220454002?gh_jid=4220454002,4220454002,"Cape Canaveral, FL, United States",View Online,spacex_job_images/4220454002.png,Job Img,4/23/2019,
Vehicle Integration Engineer (Starship),https://boards.greenhouse.io/spacex/jobs/4250142002?gh_jid=4250142002,4250142002,"Brownsville, TX, United States",View Online,spacex_job_images/4250142002.png,Job Img,4/23/2019,
Hardware Development Electrical Engineer,https://boards.greenhouse.io/spacex/jobs/4192530002?gh_jid=4192530002,4192530002,"Redmond, WA, United States",View Online,spacex_job_images/4192530002.png,Job Img,4/23/2019,
Hardware Development Engineer  (Starlink User Terminal),https://boards.greenhouse.io/spacex/jobs/4150456002?gh_jid=4150456002,4150456002,"Hawthorne, CA, United States",View Online,spacex_job_images/4150456002.png,Job Img,4/23/2019,
Manufacturing Development Engineer (Starlink User Terminal),https://boards.greenhouse.io/spacex/jobs/4190442002?gh_jid=4190442002,4190442002,"Hawthorne, CA, United States",View Online,spacex_job_images/4190442002.png,Job Img,4/23/2019,
PCB Designer,https://boards.greenhouse.io/spacex/jobs/4269276002?gh_jid=4269276002,4269276002,"Redmond, WA, United States",View Online,spacex_job_images/4269276002.png,Job Img,4/23/2019,
RF/Microwave Engineer,https://boards.greenhouse.io/spacex/jobs/4242800002?gh_jid=4242800002,4242800002,"Redmond, WA, United States",View Online,spacex_job_images/4242800002.png,Job Img,4/23/2019,
Sr. Hardware Development Engineer (Starlink User Terminal),https://boards.greenhouse.io/spacex/jobs/4263002002?gh_jid=4263002002,4263002002,"Hawthorne, CA, United States",View Online,spacex_job_images/4263002002.png,Job Img,4/23/2019,
Sr. RF/Microwave Engineer,https://boards.greenhouse.io/spacex/jobs/4242011002?gh_jid=4242011002,4242011002,"Redmond, WA, United States",View Online,spacex_job_images/4242011002.png,Job Img,4/23/2019,
Avionics Integration Engineer (Satellites),https://boards.greenhouse.io/spacex/jobs/4213100002?gh_jid=4213100002,4213100002,"Hawthorne, CA, United States",View Online,spacex_job_images/4213100002.png,Job Img,4/23/2019,
Broadband Communications Integration Engineer,https://boards.greenhouse.io/spacex/jobs/4258084002?gh_jid=4258084002,4258084002,"Redmond, WA, United States",View Online,spacex_job_images/4258084002.png,Job Img,4/23/2019,
Harness Design Engineer (Dragon),https://boards.greenhouse.io/spacex/jobs/4243745002?gh_jid=4243745002,4243745002,"Hawthorne, CA, United States",View Online,spacex_job_images/4243745002.png,Job Img,4/23/2019,
RF and Modem Integration Engineer,https://boards.greenhouse.io/spacex/jobs/4258135002?gh_jid=4258135002,4258135002,"Redmond, WA, United States",View Online,spacex_job_images/4258135002.png,Job Img,4/23/2019,
Sr. Component Engineer,https://boards.greenhouse.io/spacex/jobs/4190458002?gh_jid=4190458002,4190458002,"Hawthorne, CA, United States",View Online,spacex_job_images/4190458002.png,Job Img,4/23/2019,
Build Reliability Engineer (Starlink),https://boards.greenhouse.io/spacex/jobs/4228386002?gh_jid=4228386002,4228386002,"Redmond, WA, United States",View Online,spacex_job_images/4228386002.png,Job Img,4/23/2019,
Launch Quality Inspector,https://boards.greenhouse.io/spacex/jobs/4249896002?gh_jid=4249896002,4249896002,"Cape Canaveral, FL, United States",View Online,spacex_job_images/4249896002.png,Job Img,4/23/2019,
Quality Inspector (Build Reliability),https://boards.greenhouse.io/spacex/jobs/4229620002?gh_jid=4229620002,4229620002,"Hawthorne, CA, United States",View Online,spacex_job_images/4229620002.png,Job Img,4/23/2019,
Environmental Health & Safety Engineer,https://boards.greenhouse.io/spacex/jobs/4260987002?gh_jid=4260987002,4260987002,"McGregor, TX, United States",View Online,spacex_job_images/4260987002.png,Job Img,4/23/2019,
Environmental Health & Safety Technician,https://boards.greenhouse.io/spacex/jobs/4254009002?gh_jid=4254009002,4254009002,"Hawthorne, CA, United States",View Online,spacex_job_images/4254009002.png,Job Img,4/23/2019,
Financial Analyst,https://boards.greenhouse.io/spacex/jobs/4252831002?gh_jid=4252831002,4252831002,"Hawthorne, CA, United States",View Online,spacex_job_images/4252831002.png,Job Img,4/23/2019,
Sr. Financial Analyst,https://boards.greenhouse.io/spacex/jobs/4233040002?gh_jid=4233040002,4233040002,"Hawthorne, CA, United States",View Online,spacex_job_images/4233040002.png,Job Img,4/23/2019,
Cook,https://boards.greenhouse.io/spacex/jobs/4260762002?gh_jid=4260762002,4260762002,"Hawthorne, CA, United States",View Online,spacex_job_images/4260762002.png,Job Img,4/23/2019,
Dishwasher (2nd Shift),https://boards.greenhouse.io/spacex/jobs/4252132002?gh_jid=4252132002,4252132002,"Hawthorne, CA, United States",View Online,spacex_job_images/4252132002.png,Job Img,4/23/2019,
GNC Satellite Attitude Determination & Control Engineer,https://boards.greenhouse.io/spacex/jobs/4269309002?gh_jid=4269309002,4269309002,"Hawthorne, CA, United States",View Online,spacex_job_images/4269309002.png,Job Img,4/23/2019,
"Sr. Manager, Human Resources",https://boards.greenhouse.io/spacex/jobs/4255211002?gh_jid=4255211002,4255211002,"Hawthorne, CA, United States",View Online,spacex_job_images/4255211002.png,Job Img,4/23/2019,
Sr. Information Security Analyst (SOC),https://boards.greenhouse.io/spacex/jobs/4267810002?gh_jid=4267810002,4267810002,"Hawthorne, CA, United States",View Online,spacex_job_images/4267810002.png,Job Img,4/23/2019,
IT Services Technician II,https://boards.greenhouse.io/spacex/jobs/4252500002?gh_jid=4252500002,4252500002,"Hawthorne, CA, United States",View Online,spacex_job_images/4252500002.png,Job Img,4/23/2019,
Site Reliability Engineer,https://boards.greenhouse.io/spacex/jobs/4262092002?gh_jid=4262092002,4262092002,"Hawthorne, CA, United States",View Online,spacex_job_images/4262092002.png,Job Img,4/23/2019,
Civil Engineer - Construction Management,https://boards.greenhouse.io/spacex/jobs/4193607002?gh_jid=4193607002,4193607002,"Cape Canaveral, FL, United States",View Online,spacex_job_images/4193607002.png,Job Img,4/23/2019,
Fleet GSE Engineer,https://boards.greenhouse.io/spacex/jobs/4206285002?gh_jid=4206285002,4206285002,"Cape Canaveral, FL, United States",View Online,spacex_job_images/4206285002.png,Job Img,4/23/2019,
Launch Engineer – Falcon 9 Vehicle Refurbishment,https://boards.greenhouse.io/spacex/jobs/4206005002?gh_jid=4206005002,4206005002,"Cape Canaveral, FL, United States",View Online,spacex_job_images/4206005002.png,Job Img,4/23/2019,
"Integration Technician, Dragon Ground Operations",https://boards.greenhouse.io/spacex/jobs/4224786002?gh_jid=4224786002,4224786002,"Cape Canaveral, FL, United States",View Online,spacex_job_images/4224786002.png,Job Img,4/23/2019,
"Launch Technician, Vehicle & Payload Integration - 2nd shift",https://boards.greenhouse.io/spacex/jobs/4238030002?gh_jid=4238030002,4238030002,"Cape Canaveral, FL, United States",View Online,spacex_job_images/4238030002.png,Job Img,4/23/2019,
"Recovery Specialist, Vessel Compliance and Management",https://boards.greenhouse.io/spacex/jobs/4198875002?gh_jid=4198875002,4198875002,"Cape Canaveral, FL, United States",View Online,spacex_job_images/4198875002.png,Job Img,4/23/2019,
Vehicle Integration Technician (Starship),https://boards.greenhouse.io/spacex/jobs/4250150002?gh_jid=4250150002,4250150002,"Brownsville, TX, United States",View Online,spacex_job_images/4250150002.png,Job Img,4/23/2019,
Vehicle Integration Technician - 2nd Shift,https://boards.greenhouse.io/spacex/jobs/4224705002?gh_jid=4224705002,4224705002,"Cape Canaveral, FL, United States",View Online,spacex_job_images/4224705002.png,Job Img,4/23/2019,
Avionics Test Development Engineer,https://boards.greenhouse.io/spacex/jobs/4258590002?gh_jid=4258590002,4258590002,"Hawthorne, CA, United States",View Online,spacex_job_images/4258590002.png,Job Img,4/23/2019,
Lead Manufacturing Engineer (Falcon Tank Manufacturing),https://boards.greenhouse.io/spacex/jobs/4223888002?gh_jid=4223888002,4223888002,"Hawthorne, CA, United States",View Online,spacex_job_images/4223888002.png,Job Img,4/23/2019,
Manufacturing Development Engineer (Dragon Propulsion Tanks),https://boards.greenhouse.io/spacex/jobs/4269983002?gh_jid=4269983002,4269983002,"Hawthorne, CA, United States",View Online,spacex_job_images/4269983002.png,Job Img,4/23/2019,
Manufacturing Development Engineer - Dragon 2 Life Support Systems,https://boards.greenhouse.io/spacex/jobs/4233530002?gh_jid=4233530002,4233530002,"Hawthorne, CA, United States",View Online,spacex_job_images/4233530002.png,Job Img,4/23/2019,
Manufacturing Engineer (PCBA DFM),https://boards.greenhouse.io/spacex/jobs/4185365002?gh_jid=4185365002,4185365002,"Redmond, WA, United States",View Online,spacex_job_images/4185365002.png,Job Img,4/23/2019,
Mechanical Engineer (Satellites),https://boards.greenhouse.io/spacex/jobs/4246690002?gh_jid=4246690002,4246690002,"Redmond, WA, United States",View Online,spacex_job_images/4246690002.png,Job Img,4/23/2019,
Avionics Production Supervisor - PCBA & Electro-Mechanical Assembly,https://boards.greenhouse.io/spacex/jobs/4228855002?gh_jid=4228855002,4228855002,"Hawthorne, CA, United States",View Online,spacex_job_images/4228855002.png,Job Img,4/23/2019,
Avionics Production Test Supervisor,https://boards.greenhouse.io/spacex/jobs/4243706002?gh_jid=4243706002,4243706002,"Hawthorne, CA, United States",View Online,spacex_job_images/4243706002.png,Job Img,4/23/2019,
Production Supervisor,https://boards.greenhouse.io/spacex/jobs/4200479002?gh_jid=4200479002,4200479002,"Hawthorne, CA, United States",View Online,spacex_job_images/4200479002.png,Job Img,4/23/2019,
Manufacturing Specialist (PCBA SMT),https://boards.greenhouse.io/spacex/jobs/4199817002?gh_jid=4199817002,4199817002,"Redmond, WA, United States",View Online,spacex_job_images/4199817002.png,Job Img,4/23/2019,
CMM Inspector,https://boards.greenhouse.io/spacex/jobs/4190848002?gh_jid=4190848002,4190848002,"Redmond, WA, United States",View Online,spacex_job_images/4190848002.png,Job Img,4/23/2019,
Quality Inspector,https://boards.greenhouse.io/spacex/jobs/4244841002?gh_jid=4244841002,4244841002,"Hawthorne, CA, United States",View Online,spacex_job_images/4244841002.png,Job Img,4/23/2019,
Quality Inspector - 2nd Shift,https://boards.greenhouse.io/spacex/jobs/4206231002?gh_jid=4206231002,4206231002,"Hawthorne, CA, United States",View Online,spacex_job_images/4206231002.png,Job Img,4/23/2019,
Receiving Inspector - 2nd shift,https://boards.greenhouse.io/spacex/jobs/4235051002?gh_jid=4235051002,4235051002,"Redmond, WA, United States",View Online,spacex_job_images/4235051002.png,Job Img,4/23/2019,
5-Axis CNC Machinist - 2nd Shift (Weekend),https://boards.greenhouse.io/spacex/jobs/4221041002?gh_jid=4221041002,4221041002,"Hawthorne, CA, United States",View Online,spacex_job_images/4221041002.png,Job Img,4/23/2019,
Avionics Test Technician (Vibration) - 2nd shift,https://boards.greenhouse.io/spacex/jobs/4131269002?gh_jid=4131269002,4131269002,"Hawthorne, CA, United States",View Online,spacex_job_images/4131269002.png,Job Img,4/23/2019,
CNC Programmer,https://boards.greenhouse.io/spacex/jobs/4267704002?gh_jid=4267704002,4267704002,"Hawthorne, CA, United States",View Online,spacex_job_images/4267704002.png,Job Img,4/23/2019,
CNC VTL Machinist - 1st Shift (Weekend),https://boards.greenhouse.io/spacex/jobs/4230540002?gh_jid=4230540002,4230540002,"Hawthorne, CA, United States",View Online,spacex_job_images/4230540002.png,Job Img,4/23/2019,
Composites Technician,https://boards.greenhouse.io/spacex/jobs/4203734002?gh_jid=4203734002,4203734002,"Hawthorne, CA, United States",View Online,spacex_job_images/4203734002.png,Job Img,4/23/2019,
Friction Stir Weld Technician,https://boards.greenhouse.io/spacex/jobs/4220990002?gh_jid=4220990002,4220990002,"Hawthorne, CA, United States",View Online,spacex_job_images/4220990002.png,Job Img,4/23/2019,
Integration Technician (Falcon 9),https://boards.greenhouse.io/spacex/jobs/4233507002?gh_jid=4233507002,4233507002,"Hawthorne, CA, United States",View Online,spacex_job_images/4233507002.png,Job Img,4/23/2019,
Machine Maintenance Technician,https://boards.greenhouse.io/spacex/jobs/4265836002?gh_jid=4265836002,4265836002,"Hawthorne, CA, United States",View Online,spacex_job_images/4265836002.png,Job Img,4/23/2019,
Maintenance Technician,https://boards.greenhouse.io/spacex/jobs/4205510002?gh_jid=4205510002,4205510002,"Redmond, WA, United States",View Online,spacex_job_images/4205510002.png,Job Img,4/23/2019,
Orbital Tube Welder - Dragon Fluid Systems,https://boards.greenhouse.io/spacex/jobs/4227622002?gh_jid=4227622002,4227622002,"Hawthorne, CA, United States",View Online,spacex_job_images/4227622002.png,Job Img,4/23/2019,
Propulsion Technician,https://boards.greenhouse.io/spacex/jobs/4207123002?gh_jid=4207123002,4207123002,"Hawthorne, CA, United States",View Online,spacex_job_images/4207123002.png,Job Img,4/23/2019,
Satellite Integration Technician,https://boards.greenhouse.io/spacex/jobs/4200300002?gh_jid=4200300002,4200300002,"Redmond, WA, United States",View Online,spacex_job_images/4200300002.png,Job Img,4/23/2019,
Satellites Electro-Mechanical Technician,https://boards.greenhouse.io/spacex/jobs/4121689002?gh_jid=4121689002,4121689002,"Redmond, WA, United States",View Online,spacex_job_images/4121689002.png,Job Img,4/23/2019,
TIG Welder (Launch Vehicle Sub Assemblies),https://boards.greenhouse.io/spacex/jobs/4255164002?gh_jid=4255164002,4255164002,"Hawthorne, CA, United States",View Online,spacex_job_images/4255164002.png,Job Img,4/23/2019,
TIG Welder (Precision Tube Fabrication),https://boards.greenhouse.io/spacex/jobs/4232815002?gh_jid=4232815002,4232815002,"Hawthorne, CA, United States",View Online,spacex_job_images/4232815002.png,Job Img,4/23/2019,
Manufacturing Engineer (Foundry),https://boards.greenhouse.io/spacex/jobs/4183887002?gh_jid=4183887002,4183887002,"Hawthorne, CA, United States",View Online,spacex_job_images/4183887002.png,Job Img,4/23/2019,
Materials Technician (Test),https://boards.greenhouse.io/spacex/jobs/4251068002?gh_jid=4251068002,4251068002,"McGregor, TX, United States",View Online,spacex_job_images/4251068002.png,Job Img,4/23/2019,
"Materials Technician, Finishing Operations - Split/Night Shift",https://boards.greenhouse.io/spacex/jobs/4227734002?gh_jid=4227734002,4227734002,"Hawthorne, CA, United States",View Online,spacex_job_images/4227734002.png,Job Img,4/23/2019,
"Materials Technician, Pattern and Shelling",https://boards.greenhouse.io/spacex/jobs/4227751002?gh_jid=4227751002,4227751002,"Hawthorne, CA, United States",View Online,spacex_job_images/4227751002.png,Job Img,4/23/2019,
"Sr. Foundry Operations Engineer, Sand Casting",https://boards.greenhouse.io/spacex/jobs/4262065002?gh_jid=4262065002,4262065002,"Hawthorne, CA, United States",View Online,spacex_job_images/4262065002.png,Job Img,4/23/2019,
"Mission Integration Engineer, Dragon",https://boards.greenhouse.io/spacex/jobs/4215811002?gh_jid=4215811002,4215811002,"Hawthorne, CA, United States",View Online,spacex_job_images/4215811002.png,Job Img,4/23/2019,
Vehicle Engineering Certification Engineer,https://boards.greenhouse.io/spacex/jobs/4201239002?gh_jid=4201239002,4201239002,"Hawthorne, CA, United States",View Online,spacex_job_images/4201239002.png,Job Img,4/23/2019,
Physical Security Hardware Technician,https://boards.greenhouse.io/spacex/jobs/4252136002?gh_jid=4252136002,4252136002,"Cape Canaveral, FL, United States",View Online,spacex_job_images/4252136002.png,Job Img,4/23/2019,
Security Officer - Level 1,https://boards.greenhouse.io/spacex/jobs/4213366002?gh_jid=4213366002,4213366002,"Hawthorne, CA, United States",View Online,spacex_job_images/4213366002.png,Job Img,4/23/2019,
Security Officer - Level 1 (Part Time),https://boards.greenhouse.io/spacex/jobs/4254189002?gh_jid=4254189002,4254189002,"Cape Canaveral, FL, United States",View Online,spacex_job_images/4254189002.png,Job Img,4/23/2019,
Security Officer - Level 2,https://boards.greenhouse.io/spacex/jobs/4129977002?gh_jid=4129977002,4129977002,"Hawthorne, CA, United States",View Online,spacex_job_images/4129977002.png,Job Img,4/23/2019,
Security Officer - Level 3,https://boards.greenhouse.io/spacex/jobs/4207802002?gh_jid=4207802002,4207802002,"Brownsville, TX, United States",View Online,spacex_job_images/4207802002.png,Job Img,4/23/2019,
Security Protective Operations Center (SPOC) Operator,https://boards.greenhouse.io/spacex/jobs/4265107002?gh_jid=4265107002,4265107002,"Hawthorne, CA, United States",View Online,spacex_job_images/4265107002.png,Job Img,4/23/2019,
Turbomachinery Development Engineer,https://boards.greenhouse.io/spacex/jobs/4227312002?gh_jid=4227312002,4227312002,"Hawthorne, CA, United States",View Online,spacex_job_images/4227312002.png,Job Img,4/23/2019,
Avionics Software Engineer,https://boards.greenhouse.io/spacex/jobs/4263188002?gh_jid=4263188002,4263188002,"Hawthorne, CA, United States",View Online,spacex_job_images/4263188002.png,Job Img,4/23/2019,
Lead Full Stack Software Engineer,https://boards.greenhouse.io/spacex/jobs/4227659002?gh_jid=4227659002,4227659002,"Hawthorne, CA, United States",View Online,spacex_job_images/4227659002.png,Job Img,4/23/2019,
Senior C++ Software Engineer (Top Secret Clearance),https://boards.greenhouse.io/spacex/jobs/4267152002?gh_jid=4267152002,4267152002,"Hawthorne, CA, United States",View Online,spacex_job_images/4267152002.png,Job Img,4/23/2019,
Senior Software Engineer (Build and Release),https://boards.greenhouse.io/spacex/jobs/4192011002?gh_jid=4192011002,4192011002,"Hawthorne, CA, United States",View Online,spacex_job_images/4192011002.png,Job Img,4/23/2019,
Senior Software Engineer (Vehicle),https://boards.greenhouse.io/spacex/jobs/4258603002?gh_jid=4258603002,4258603002,"Hawthorne, CA, United States",View Online,spacex_job_images/4258603002.png,Job Img,4/23/2019,
Senior Technical Product Manager - Applications,https://boards.greenhouse.io/spacex/jobs/4269227002?gh_jid=4269227002,4269227002,"Hawthorne, CA, United States",View Online,spacex_job_images/4269227002.png,Job Img,4/23/2019,
Software Engineer (Simulation Software),https://boards.greenhouse.io/spacex/jobs/4261920002?gh_jid=4261920002,4261920002,"Hawthorne, CA, United States",View Online,spacex_job_images/4261920002.png,Job Img,4/23/2019,
Software Engineer in Test (Top Secret Cleared),https://boards.greenhouse.io/spacex/jobs/4200643002?gh_jid=4200643002,4200643002,"Hawthorne, CA, United States",View Online,spacex_job_images/4200643002.png,Job Img,4/23/2019,
Sr. Security Software Engineer,https://boards.greenhouse.io/spacex/jobs/4140193002?gh_jid=4140193002,4140193002,"Hawthorne, CA, United States",View Online,spacex_job_images/4140193002.png,Job Img,4/23/2019,
Wireless Protocol Software Engineer,https://boards.greenhouse.io/spacex/jobs/4208750002?gh_jid=4208750002,4208750002,"Palo Alto, CA, United States",View Online,spacex_job_images/4208750002.png,Job Img,4/23/2019,
Senior Space Operations Engineer,https://boards.greenhouse.io/spacex/jobs/4112691002?gh_jid=4112691002,4112691002,"Hawthorne, CA, United States",View Online,spacex_job_images/4112691002.png,Job Img,4/23/2019,
Buyer - Avionics,https://boards.greenhouse.io/spacex/jobs/4202625002?gh_jid=4202625002,4202625002,"Hawthorne, CA, United States",View Online,spacex_job_images/4202625002.png,Job Img,4/23/2019,
Buyer - PCB,https://boards.greenhouse.io/spacex/jobs/4225964002?gh_jid=4225964002,4225964002,"Redmond, WA, United States",View Online,spacex_job_images/4225964002.png,Job Img,4/23/2019,
CMM Source Inspector - Remote - Boston,https://boards.greenhouse.io/spacex/jobs/4254672002?gh_jid=4254672002,4254672002,"Remote - Boston, MA, United States",View Online,spacex_job_images/4254672002.png,Job Img,4/23/2019,
Global Supply Manager (Mechanical Assemblies),https://boards.greenhouse.io/spacex/jobs/4116170002?gh_jid=4116170002,4116170002,"Hawthorne, CA, United States",View Online,spacex_job_images/4116170002.png,Job Img,4/23/2019,
Inventory Specialist (2nd Shift),https://boards.greenhouse.io/spacex/jobs/4201393002?gh_jid=4201393002,4201393002,"Hawthorne, CA, United States",View Online,spacex_job_images/4201393002.png,Job Img,4/23/2019,
Inventory Specialist - 1st Shift,https://boards.greenhouse.io/spacex/jobs/4264943002?gh_jid=4264943002,4264943002,"McGregor, TX, United States",View Online,spacex_job_images/4264943002.png,Job Img,4/23/2019,
Material Handler,https://boards.greenhouse.io/spacex/jobs/4262947002?gh_jid=4262947002,4262947002,"Cape Canaveral, FL, United States",View Online,spacex_job_images/4262947002.png,Job Img,4/23/2019,
Material Planner,https://boards.greenhouse.io/spacex/jobs/4258445002?gh_jid=4258445002,4258445002,"Hawthorne, CA, United States",View Online,spacex_job_images/4258445002.png,Job Img,4/23/2019,
Material Transfer Driver (Weekend Shift),https://boards.greenhouse.io/spacex/jobs/4220011002?gh_jid=4220011002,4220011002,"Hawthorne, CA, United States",View Online,spacex_job_images/4220011002.png,Job Img,4/23/2019,
Sr. Buyer / Planner - Mechanisms,https://boards.greenhouse.io/spacex/jobs/4207111002?gh_jid=4207111002,4207111002,"Hawthorne, CA, United States",View Online,spacex_job_images/4207111002.png,Job Img,4/23/2019,
Sr. Supplier Development Engineer (Mechanical),https://boards.greenhouse.io/spacex/jobs/4115152002?gh_jid=4115152002,4115152002,"Redmond, WA, United States",View Online,spacex_job_images/4115152002.png,Job Img,4/23/2019,
Sr. Supplier Development Engineer - Mechanical,https://boards.greenhouse.io/spacex/jobs/4140131002?gh_jid=4140131002,4140131002,"Hawthorne, CA, United States",View Online,spacex_job_images/4140131002.png,Job Img,4/23/2019,
Supplier Development Engineer - Composites,https://boards.greenhouse.io/spacex/jobs/4121676002?gh_jid=4121676002,4121676002,"Hawthorne, CA, United States",View Online,spacex_job_images/4121676002.png,Job Img,4/23/2019,
Supplier Development Engineer - Satellites,https://boards.greenhouse.io/spacex/jobs/4251602002?gh_jid=4251602002,4251602002,"Redmond, WA, United States",View Online,spacex_job_images/4251602002.png,Job Img,4/23/2019,
Supply Chain Analyst (Source Inspection Program),https://boards.greenhouse.io/spacex/jobs/4253914002?gh_jid=4253914002,4253914002,"Hawthorne, CA, United States",View Online,spacex_job_images/4253914002.png,Job Img,4/23/2019,
Supply Chain Reliability Engineer (Surveillance),https://boards.greenhouse.io/spacex/jobs/4232979002?gh_jid=4232979002,4232979002,"Hawthorne, CA, United States",View Online,spacex_job_images/4232979002.png,Job Img,4/23/2019,
Test Development Engineer (Raptor),https://boards.greenhouse.io/spacex/jobs/4257298002?gh_jid=4257298002,4257298002,"McGregor, TX, United States",View Online,spacex_job_images/4257298002.png,Job Img,4/23/2019,
Electronics Technician - Temporary Position,https://boards.greenhouse.io/spacex/jobs/4255689002?gh_jid=4255689002,4255689002,"McGregor, TX, United States",View Online,spacex_job_images/4255689002.png,Job Img,4/23/2019,
Logistics Technician,https://boards.greenhouse.io/spacex/jobs/4255680002?gh_jid=4255680002,4255680002,"McGregor, TX, United States",View Online,spacex_job_images/4255680002.png,Job Img,4/23/2019,
"Material Handler, Test Fabrication & Support",https://boards.greenhouse.io/spacex/jobs/4238017002?gh_jid=4238017002,4238017002,"McGregor, TX, United States",View Online,spacex_job_images/4238017002.png,Job Img,4/23/2019,
Project Scheduler,https://boards.greenhouse.io/spacex/jobs/4259520002?gh_jid=4259520002,4259520002,"McGregor, TX, United States",View Online,spacex_job_images/4259520002.png,Job Img,4/23/2019,
Telecommunications Technician,https://boards.greenhouse.io/spacex/jobs/4251935002?gh_jid=4251935002,4251935002,"McGregor, TX, United States",View Online,spacex_job_images/4251935002.png,Job Img,4/23/2019,
Test Equipment Technician (Fabrication),https://boards.greenhouse.io/spacex/jobs/4219404002?gh_jid=4219404002,4219404002,"McGregor, TX, United States",View Online,spacex_job_images/4219404002.png,Job Img,4/23/2019,
Test Operations Technician (Dragon),https://boards.greenhouse.io/spacex/jobs/4259512002?gh_jid=4259512002,4259512002,"McGregor, TX, United States",View Online,spacex_job_images/4259512002.png,Job Img,4/23/2019,
Build Engineer (Starship),https://boards.greenhouse.io/spacex/jobs/4220618002?gh_jid=4220618002,4220618002,"Cape Canaveral, FL, United States",View Online,spacex_job_images/4220618002.png,Job Img,4/23/2019,
Mechanical Design Engineer (Top Secret Cleared),https://boards.greenhouse.io/spacex/jobs/4235085002?gh_jid=4235085002,4235085002,"Hawthorne, CA, United States",View Online,spacex_job_images/4235085002.png,Job Img,4/23/2019,
Product Design Engineer (Starlink User Terminal),https://boards.greenhouse.io/spacex/jobs/4109632002?gh_jid=4109632002,4109632002,"Hawthorne, CA, United States",View Online,spacex_job_images/4109632002.png,Job Img,4/23/2019,
"Supervisor, Tank Fabrication",https://boards.greenhouse.io/spacex/jobs/4212737002?gh_jid=4212737002,4212737002,"Brownsville, TX, United States",View Online,spacex_job_images/4212737002.png,Job Img,4/23/2019,
"Tank Fabricator/Welder, Temporary",https://boards.greenhouse.io/spacex/jobs/4265210002?gh_jid=4265210002,4265210002,"Brownsville, TX, United States",View Online,spacex_job_images/4265210002.png,Job Img,4/23/2019,
Vehicle Integration Engineer (Starship),https://boards.greenhouse.io/spacex/jobs/4250146002?gh_jid=4250146002,4250146002,"Cape Canaveral, FL, United States",View Online,spacex_job_images/4250146002.png,Job Img,4/23/2019,
Hardware Development Electrical Engineer (Starlink),https://boards.greenhouse.io/spacex/jobs/4270325002?gh_jid=4270325002,4270325002,"Redmond, WA, United States",View Online,spacex_job_images/4270325002.png,Job Img,4/29/2019,
Build Reliability Engineer (Crew Dragon),https://boards.greenhouse.io/spacex/jobs/4271488002?gh_jid=4271488002,4271488002,"Hawthorne, CA, United States",View Online,spacex_job_images/4271488002.png,Job Img,4/29/2019,
Metrology Engineer,https://boards.greenhouse.io/spacex/jobs/4272937002?gh_jid=4272937002,4272937002,"Hawthorne, CA, United States",View Online,spacex_job_images/4272937002.png,Job Img,4/29/2019,
Accounts Payable Specialist,https://boards.greenhouse.io/spacex/jobs/4118484002?gh_jid=4118484002,4118484002,"Hawthorne, CA, United States",View Online,spacex_job_images/4118484002.png,Job Img,4/29/2019,
Jira Administrator,https://boards.greenhouse.io/spacex/jobs/4273198002?gh_jid=4273198002,4273198002,"Hawthorne, CA, United States",View Online,spacex_job_images/4273198002.png,Job Img,4/29/2019,
"Launch Technician, Fabrication (Starship) - Temporary Position",https://boards.greenhouse.io/spacex/jobs/4270624002?gh_jid=4270624002,4270624002,"Cape Canaveral, FL, United States",View Online,spacex_job_images/4270624002.png,Job Img,4/29/2019,
Production Supervisor (Dragon),https://boards.greenhouse.io/spacex/jobs/4271538002?gh_jid=4271538002,4271538002,"Hawthorne, CA, United States",View Online,spacex_job_images/4271538002.png,Job Img,4/29/2019,
Lead Propulsion Technician,https://boards.greenhouse.io/spacex/jobs/4271547002?gh_jid=4271547002,4271547002,"Hawthorne, CA, United States",View Online,spacex_job_images/4271547002.png,Job Img,4/29/2019,
Dragon 2 Propulsion Engineer,https://boards.greenhouse.io/spacex/jobs/4270018002?gh_jid=4270018002,4270018002,"Hawthorne, CA, United States",View Online,spacex_job_images/4270018002.png,Job Img,4/29/2019,
Market Analysis Lead,https://boards.greenhouse.io/spacex/jobs/4270331002?gh_jid=4270331002,4270331002,"Hawthorne, CA, United States",View Online,spacex_job_images/4270331002.png,Job Img,4/29/2019,
Avionics Software Engineer (VHDL/FPGA),https://boards.greenhouse.io/spacex/jobs/4272140002?gh_jid=4272140002,4272140002,"Hawthorne, CA, United States",View Online,spacex_job_images/4272140002.png,Job Img,4/29/2019,
Build Engineer (Dragon Thermal Protection Systems),https://boards.greenhouse.io/spacex/jobs/4271328002?gh_jid=4271328002,4271328002,"Hawthorne, CA, United States",View Online,spacex_job_images/4271328002.png,Job Img,4/29/2019,
Hardware Development Engineer,https://boards.greenhouse.io/spacex/jobs/4270378002?gh_jid=4270378002,4270378002,"Hawthorne, CA, United States",View Online,spacex_job_images/4270378002.png,Job Img,4/29/2019,
IT Systems Administrator - Windows,https://boards.greenhouse.io/spacex/jobs/4271002002?gh_jid=4271002002,4271002002,"Hawthorne, CA, United States",View Online,spacex_job_images/4271002002.png,Job Img,4/29/2019,
"Launch Technician, Fabrication",https://boards.greenhouse.io/spacex/jobs/4272632002?gh_jid=4272632002,4272632002,"Cape Canaveral, FL, United States",View Online,spacex_job_images/4272632002.png,Job Img,4/29/2019,
"CNC Lathe Machinist (2nd Shift, Sunday - Thursday)",https://boards.greenhouse.io/spacex/jobs/4271993002?gh_jid=4271993002,4271993002,"Hawthorne, CA, United States",View Online,spacex_job_images/4271993002.png,Job Img,4/29/2019,
Dragon 2 Mechanical Engineer,https://boards.greenhouse.io/spacex/jobs/4272067002?gh_jid=4272067002,4272067002,"Hawthorne, CA, United States",View Online,spacex_job_images/4272067002.png,Job Img,4/29/2019,
Sheet Metal Technician (Starship),https://boards.greenhouse.io/spacex/jobs/4273176002?gh_jid=4273176002,4273176002,"Cape Canaveral, FL, United States",View Online,spacex_job_images/4273176002.png,Job Img,4/29/2019,
Mechanical Design Engineer (Dragon Thermal Protection Systems),https://boards.greenhouse.io/spacex/jobs/4271064002?gh_jid=4271064002,4271064002,"Hawthorne, CA, United States",View Online,spacex_job_images/4271064002.png,Job Img,4/29/2019,
Automotive Maintenance Technician,https://boards.greenhouse.io/spacex/jobs/4274553002?gh_jid=4274553002,4274553002,"Cape Canaveral, FL, United States",View Online,spacex_job_images/4274553002.png,Job Img,4/30/2019,
Integration & Test Engineer (Dragon 2),https://boards.greenhouse.io/spacex/jobs/4275297002?gh_jid=4275297002,4275297002,"Hawthorne, CA, United States",View Online,spacex_job_images/4275297002.png,Job Img,4/30/2019,
Metrology Technician,https://boards.greenhouse.io/spacex/jobs/4274109002?gh_jid=4274109002,4274109002,"Redmond, WA, United States",View Online,spacex_job_images/4274109002.png,Job Img,4/30/2019,
Satellite Electro-Mechanical Technician (Top Secret Cleared),https://boards.greenhouse.io/spacex/jobs/4275306002?gh_jid=4275306002,4275306002,"Hawthorne, CA, United States",View Online,spacex_job_images/4275306002.png,Job Img,4/30/2019,
Inventory Specialist,https://boards.greenhouse.io/spacex/jobs/4275293002?gh_jid=4275293002,4275293002,"McGregor, TX, United States",View Online,spacex_job_images/4275293002.png,Job Img,4/30/2019,
Sr. Satellite Simulation Engineer,https://boards.greenhouse.io/spacex/jobs/4275540002?gh_jid=4275540002,4275540002,"Redmond, WA, United States",View Online,spacex_job_images/4275540002.png,Job Img,5/3/2019,
Integration Technician (Dragon Spacecraft),https://boards.greenhouse.io/spacex/jobs/4275348002?gh_jid=4275348002,4275348002,"Hawthorne, CA, United States",View Online,spacex_job_images/4275348002.png,Job Img,5/3/2019,
Lead Satellite Electro-Mechanical Technician (Top Secret Cleared),https://boards.greenhouse.io/spacex/jobs/4275310002?gh_jid=4275310002,4275310002,"Hawthorne, CA, United States",View Online,spacex_job_images/4275310002.png,Job Img,5/3/2019,
Structures Technician,https://boards.greenhouse.io/spacex/jobs/4277076002?gh_jid=4277076002,4277076002,"Hawthorne, CA, United States",View Online,spacex_job_images/4277076002.png,Job Img,5/3/2019,
Senior Software Engineer (Starlink),https://boards.greenhouse.io/spacex/jobs/4276535002?gh_jid=4276535002,4276535002,"Redmond, WA, United States",View Online,spacex_job_images/4276535002.png,Job Img,5/3/2019,
Sr. Battery Engineer (Mechanical),https://boards.greenhouse.io/spacex/jobs/4276385002?gh_jid=4276385002,4276385002,"Hawthorne, CA, United States",View Online,spacex_job_images/4276385002.png,Job Img,5/3/2019,
Launch Pad Technician - Temporary,https://boards.greenhouse.io/spacex/jobs/4275811002?gh_jid=4275811002,4275811002,"Cape Canaveral, FL, United States",View Online,spacex_job_images/4275811002.png,Job Img,5/3/2019,
5-Axis CNC Machinist - 2nd Shift,https://boards.greenhouse.io/spacex/jobs/4276542002?gh_jid=4276542002,4276542002,"Hawthorne, CA, United States",View Online,spacex_job_images/4276542002.png,Job Img,5/3/2019,
CNC Machinist,https://boards.greenhouse.io/spacex/jobs/4276513002?gh_jid=4276513002,4276513002,"Hawthorne, CA, United States",View Online,spacex_job_images/4276513002.png,Job Img,5/3/2019,
Propulsion Components Engineering Leadership Development Program,https://boards.greenhouse.io/spacex/jobs/4274584002?gh_jid=4274584002,4274584002,"Hawthorne, CA, United States",View Online,spacex_job_images/4274584002.png,Job Img,5/3/2019,
Test Engineer,https://boards.greenhouse.io/spacex/jobs/4277835002?gh_jid=4277835002,4277835002,"Hawthorne, CA, United States",View Online,spacex_job_images/4277835002.png,Job Img,5/6/2019,
Build Reliability Engineer (Avionics),https://boards.greenhouse.io/spacex/jobs/4278414002?gh_jid=4278414002,4278414002,"Hawthorne, CA, United States",View Online,spacex_job_images/4278414002.png,Job Img,5/6/2019,
Facilities Technician,https://boards.greenhouse.io/spacex/jobs/4279263002?gh_jid=4279263002,4279263002,"Redmond, WA, United States",View Online,spacex_job_images/4279263002.png,Job Img,5/6/2019,
Propulsion Technician - Thermal Spray,https://boards.greenhouse.io/spacex/jobs/4277397002?gh_jid=4277397002,4277397002,"Hawthorne, CA, United States",View Online,spacex_job_images/4277397002.png,Job Img,5/6/2019,
Avionics Integration & Test Engineer (Satellites),https://boards.greenhouse.io/spacex/jobs/4279270002?gh_jid=4279270002,4279270002,"Hawthorne, CA, United States",View Online,spacex_job_images/4279270002.png,Job Img,5/8/2019,
Production Supervisor - Propulsion Assemblies (DRAGON),https://boards.greenhouse.io/spacex/jobs/4280331002?gh_jid=4280331002,4280331002,"Hawthorne, CA, United States",View Online,spacex_job_images/4280331002.png,Job Img,5/8/2019,
Satellites Production Supervisor - Solar/Components,https://boards.greenhouse.io/spacex/jobs/4280505002?gh_jid=4280505002,4280505002,"Redmond, WA, United States",View Online,spacex_job_images/4280505002.png,Job Img,5/8/2019,
CMM Source Inspector - Southern California,https://boards.greenhouse.io/spacex/jobs/4280355002?gh_jid=4280355002,4280355002,"Hawthorne, CA, United States",View Online,spacex_job_images/4280355002.png,Job Img,5/8/2019,
Sr. EEE Parts Engineer,https://boards.greenhouse.io/spacex/jobs/4280382002?gh_jid=4280382002,4280382002,"Irvine, California, United States",View Online,spacex_job_images/4280382002.png,Job Img,5/8/2019,
"Manager, Launch Communications (Ground Segment)",https://boards.greenhouse.io/spacex/jobs/4281575002?gh_jid=4281575002,4281575002,"Cape Canaveral, FL, United States",View Online,spacex_job_images/4281575002.png,Job Img,5/8/2019,
Avionics Production Supervisor - User Terminal & PCBA,https://boards.greenhouse.io/spacex/jobs/4280572002?gh_jid=4280572002,4280572002,"Hawthorne, CA, United States",View Online,spacex_job_images/4280572002.png,Job Img,5/8/2019,
Software Engineer (Vehicle),https://boards.greenhouse.io/spacex/jobs/4282323002?gh_jid=4282323002,4282323002,"Hawthorne, CA, United States",View Online,spacex_job_images/4282323002.png,Job Img,5/8/2019,
Vehicle Integration Technician - Temporary,https://boards.greenhouse.io/spacex/jobs/4278785002?gh_jid=4278785002,4278785002,"Cape Canaveral, FL, United States",View Online,spacex_job_images/4278785002.png,Job Img,5/8/2019,
Production Supervisor - Integration (Dragon),https://boards.greenhouse.io/spacex/jobs/4283321002?gh_jid=4283321002,4283321002,"Hawthorne, CA, United States",View Online,spacex_job_images/4283321002.png,Job Img,5/9/2019,
Satellite Integration Production Supervisor,https://boards.greenhouse.io/spacex/jobs/4280498002?gh_jid=4280498002,4280498002,"Redmond, WA, United States",View Online,spacex_job_images/4280498002.png,Job Img,5/9/2019,
Quality Specialist - Composites,https://boards.greenhouse.io/spacex/jobs/4283387002?gh_jid=4283387002,4283387002,"Hawthorne, CA, United States",View Online,spacex_job_images/4283387002.png,Job Img,5/9/2019,
Commodity Manager - Mechanical Systems,https://boards.greenhouse.io/spacex/jobs/4281639002?gh_jid=4281639002,4281639002,"Hawthorne, CA, United States",View Online,spacex_job_images/4281639002.png,Job Img,5/9/2019,
Electronics Technician,https://boards.greenhouse.io/spacex/jobs/4283777002?gh_jid=4283777002,4283777002,"McGregor, TX, United States",View Online,spacex_job_images/4283777002.png,Job Img,5/9/2019,
Structures Technician - Dragon Spacecraft,https://boards.greenhouse.io/spacex/jobs/4284598002?gh_jid=4284598002,4284598002,"Hawthorne, CA, United States",View Online,spacex_job_images/4284598002.png,Job Img,5/13/2019,
Security Officer - Level 2,https://boards.greenhouse.io/spacex/jobs/4284466002?gh_jid=4284466002,4284466002,"McGregor, TX, United States",View Online,spacex_job_images/4284466002.png,Job Img,5/13/2019,
Lead Full Stack Software Engineer,https://boards.greenhouse.io/spacex/jobs/4285559002?gh_jid=4285559002,4285559002,"Hawthorne, CA, United States",View Online,spacex_job_images/4285559002.png,Job Img,5/13/2019,
Sr. Security Software Engineer,https://boards.greenhouse.io/spacex/jobs/4284607002?gh_jid=4284607002,4284607002,"Hawthorne, CA, United States",View Online,spacex_job_images/4284607002.png,Job Img,5/13/2019,
Supply Chain Reliability Engineer,https://boards.greenhouse.io/spacex/jobs/4282439002?gh_jid=4282439002,4282439002,"Hawthorne, CA, United States",View Online,spacex_job_images/4282439002.png,Job Img,5/13/2019,
Security Software Engineer,https://boards.greenhouse.io/spacex/jobs/4284220002?gh_jid=4284220002,4284220002,"Hawthorne, CA, United States",View Online,spacex_job_images/4284220002.png,Job Img,5/13/2019,
"Supervisor, Satellite Materials Management",https://boards.greenhouse.io/spacex/jobs/4285343002?gh_jid=4285343002,4285343002,"Hawthorne, CA, United States",View Online,spacex_job_images/4285343002.png,Job Img,5/13/2019,
Heavy Equipment Operator,https://boards.greenhouse.io/spacex/jobs/4286289002?gh_jid=4286289002,4286289002,"Brownsville, TX, United States",View Online,spacex_job_images/4286289002.png,Job Img,5/13/2019,
"Launch Technician, Instrumentation",https://boards.greenhouse.io/spacex/jobs/4286182002?gh_jid=4286182002,4286182002,"Brownsville, TX, United States",View Online,spacex_job_images/4286182002.png,Job Img,5/13/2019,
Development Technician,https://boards.greenhouse.io/spacex/jobs/4286421002?gh_jid=4286421002,4286421002,"Redmond, WA, United States",View Online,spacex_job_images/4286421002.png,Job Img,5/13/2019,
Lead Orbital Tube Welder,https://boards.greenhouse.io/spacex/jobs/4286768002?gh_jid=4286768002,4286768002,"Hawthorne, CA, United States",View Online,spacex_job_images/4286768002.png,Job Img,5/13/2019,
Propulsion Technician - 2nd Shift,https://boards.greenhouse.io/spacex/jobs/4286751002?gh_jid=4286751002,4286751002,"Hawthorne, CA, United States",View Online,spacex_job_images/4286751002.png,Job Img,5/13/2019,
"Materials Technician, Pattern and Shelling - Split/Night Shift",https://boards.greenhouse.io/spacex/jobs/4286654002?gh_jid=4286654002,4286654002,"Hawthorne, CA, United States",View Online,spacex_job_images/4286654002.png,Job Img,5/13/2019,
Propulsion Test Technician,https://boards.greenhouse.io/spacex/jobs/4286610002?gh_jid=4286610002,4286610002,"Hawthorne, CA, United States",View Online,spacex_job_images/4286610002.png,Job Img,5/13/2019,
Production Coordinator,https://boards.greenhouse.io/spacex/jobs/4286759002?gh_jid=4286759002,4286759002,"Hawthorne, CA, United States",View Online,spacex_job_images/4286759002.png,Job Img,5/13/2019,
Dragon Flight Reliability Engineer,https://boards.greenhouse.io/spacex/jobs/4285215002?gh_jid=4285215002,4285215002,"Hawthorne, CA, United States",View Online,spacex_job_images/4285215002.png,Job Img,5/14/2019,
Dragon Life Support Systems Engineer,https://boards.greenhouse.io/spacex/jobs/4286698002?gh_jid=4286698002,4286698002,"Hawthorne, CA, United States",View Online,spacex_job_images/4286698002.png,Job Img,5/14/2019,
Orbital Tube Welder (Dragon),https://boards.greenhouse.io/spacex/jobs/4286808002?gh_jid=4286808002,4286808002,"Hawthorne, CA, United States",View Online,spacex_job_images/4286808002.png,Job Img,5/14/2019,
Material Processing Technician (Fabrication Department),https://boards.greenhouse.io/spacex/jobs/4286556002?gh_jid=4286556002,4286556002,"McGregor, TX, United States",View Online,spacex_job_images/4286556002.png,Job Img,5/14/2019,
Dynamics Engineer,https://boards.greenhouse.io/spacex/jobs/4288413002?gh_jid=4288413002,4288413002,"Hawthorne, CA, United States",View Online,spacex_job_images/4288413002.png,Job Img,5/15/2019,
"Materials Technician, Thermal Spray",https://boards.greenhouse.io/spacex/jobs/4288441002?gh_jid=4288441002,4288441002,"Hawthorne, CA, United States",View Online,spacex_job_images/4288441002.png,Job Img,5/15/2019,
Manufacturing Specialist,https://boards.greenhouse.io/spacex/jobs/4286813002?gh_jid=4286813002,4286813002,"Hawthorne, CA, United States",View Online,spacex_job_images/4286813002.png,Job Img,5/15/2019,
Avionics Test Technician,https://boards.greenhouse.io/spacex/jobs/4289510002?gh_jid=4289510002,4289510002,"Hawthorne, CA, United States",View Online,spacex_job_images/4289510002.png,Job Img,5/15/2019,
Global Supply Manager - Electromechanical,https://boards.greenhouse.io/spacex/jobs/4289783002?gh_jid=4289783002,4289783002,"Hawthorne, CA, United States",View Online,spacex_job_images/4289783002.png,Job Img,5/15/2019,
Structures Test Engineer - 2nd shift,https://boards.greenhouse.io/spacex/jobs/4289521002?gh_jid=4289521002,4289521002,"Hawthorne, CA, United States",View Online,spacex_job_images/4289521002.png,Job Img,5/15/2019,
Buyer - Starlink Gateway Systems,https://boards.greenhouse.io/spacex/jobs/4289838002?gh_jid=4289838002,4289838002,"Hawthorne, CA, United States",View Online,spacex_job_images/4289838002.png,Job Img,5/16/2019,
Information System Security Officer (ISSO),https://boards.greenhouse.io/spacex/jobs/4290405002?gh_jid=4290405002,4290405002,"Hawthorne, CA, United States",View Online,spacex_job_images/4290405002.png,Job Img,5/16/2019,
Manufacturing Development Engineer (Starlink User Terminal),https://boards.greenhouse.io/spacex/jobs/4289726002?gh_jid=4289726002,4289726002,"Hawthorne, CA, United States",View Online,spacex_job_images/4289726002.png,Job Img,5/16/2019,
Environmental Health & Safety Technician,https://boards.greenhouse.io/spacex/jobs/4291018002?gh_jid=4291018002,4291018002,"Hawthorne, CA, United States",View Online,spacex_job_images/4291018002.png,Job Img,5/17/2019,
Manufacturing Engineer (Avionics Harness),https://boards.greenhouse.io/spacex/jobs/4290856002?gh_jid=4290856002,4290856002,"Hawthorne, CA, United States",View Online,spacex_job_images/4290856002.png,Job Img,5/17/2019,
Production Coordinator,https://boards.greenhouse.io/spacex/jobs/4290700002?gh_jid=4290700002,4290700002,"Hawthorne, CA, United States",View Online,spacex_job_images/4290700002.png,Job Img,5/17/2019,
Lead Software Engineer (Flight Software Test),https://boards.greenhouse.io/spacex/jobs/4288434002?gh_jid=4288434002,4288434002,"Hawthorne, CA, United States",View Online,spacex_job_images/4288434002.png,Job Img,5/17/2019,
Environmental Health & Safety Engineer,https://boards.greenhouse.io/spacex/jobs/4292937002?gh_jid=4292937002,4292937002,"Hawthorne, CA, United States",View Online,spacex_job_images/4292937002.png,Job Img,5/17/2019,
Development Test Technician,https://boards.greenhouse.io/spacex/jobs/4291008002?gh_jid=4291008002,4291008002,"Redmond, WA, United States",View Online,spacex_job_images/4291008002.png,Job Img,5/17/2019,
Additive Manufacturing Engineer,https://boards.greenhouse.io/spacex/jobs/4292290002?gh_jid=4292290002,4292290002,"Hawthorne, CA, United States",View Online,spacex_job_images/4292290002.png,Job Img,5/17/2019,
"Civil Engineer, Construction Management",https://boards.greenhouse.io/spacex/jobs/4289973002?gh_jid=4289973002,4289973002,"Cape Canaveral, FL, United States",View Online,spacex_job_images/4289973002.png,Job Img,5/17/2019,
Test Technician - Composites Structures,https://boards.greenhouse.io/spacex/jobs/4294175002?gh_jid=4294175002,4294175002,"Hawthorne, CA, United States",View Online,spacex_job_images/4294175002.png,Job Img,5/20/2019,
Ground Systems Integration Engineer (Top Secret Cleared),https://boards.greenhouse.io/spacex/jobs/4292615002?gh_jid=4292615002,4292615002,"Hawthorne, CA, United States",View Online,spacex_job_images/4292615002.png,Job Img,5/20/2019,
Logistics Specialist,https://boards.greenhouse.io/spacex/jobs/4292830002?gh_jid=4292830002,4292830002,"McGregor, TX, United States",View Online,spacex_job_images/4292830002.png,Job Img,5/20/2019,
Propulsion Components Manufacturing Engineer,https://boards.greenhouse.io/spacex/jobs/4292990002?gh_jid=4292990002,4292990002,"Hawthorne, CA, United States",View Online,spacex_job_images/4292990002.png,Job Img,5/20/2019,
Broadband Communications Integration Engineer,https://boards.greenhouse.io/spacex/jobs/4294306002?gh_jid=4294306002,4294306002,"Redmond, WA, United States",View Online,spacex_job_images/4294306002.png,Job Img,5/20/2019,
RF and Modem Integration Engineer,https://boards.greenhouse.io/spacex/jobs/4294313002?gh_jid=4294313002,4294313002,"Redmond, WA, United States",View Online,spacex_job_images/4294313002.png,Job Img,5/20/2019,
Propulsion Development Engineer,https://boards.greenhouse.io/spacex/jobs/4294898002?gh_jid=4294898002,4294898002,"Hawthorne, CA, United States",View Online,spacex_job_images/4294898002.png,Job Img,5/21/2019,
Lead Software Engineer (Starlink),https://boards.greenhouse.io/spacex/jobs/4294878002?gh_jid=4294878002,4294878002,"Redmond, WA, United States",View Online,spacex_job_images/4294878002.png,Job Img,5/21/2019,
Material Handler (2nd Shift),https://boards.greenhouse.io/spacex/jobs/4296187002?gh_jid=4296187002,4296187002,"Hawthorne, CA, United States",View Online,spacex_job_images/4296187002.png,Job Img,5/22/2019,
Stock Plan Administrator,https://boards.greenhouse.io/spacex/jobs/4296209002?gh_jid=4296209002,4296209002,"Hawthorne, CA, United States",View Online,spacex_job_images/4296209002.png,Job Img,5/22/2019,
Material Handler,https://boards.greenhouse.io/spacex/jobs/4296198002?gh_jid=4296198002,4296198002,"Cape Canaveral, FL, United States",View Online,spacex_job_images/4296198002.png,Job Img,5/22/2019,
"Quality Inspector, CMM/Visual (Valve Factory)",https://boards.greenhouse.io/spacex/jobs/4294915002?gh_jid=4294915002,4294915002,"Hawthorne, CA, United States",View Online,spacex_job_images/4294915002.png,Job Img,5/22/2019,
Satellite Propulsion Technician,https://boards.greenhouse.io/spacex/jobs/4296925002?gh_jid=4296925002,4296925002,"Redmond, WA, United States",View Online,spacex_job_images/4296925002.png,Job Img,5/22/2019,
IT Systems Administrator,https://boards.greenhouse.io/spacex/jobs/4297581002?gh_jid=4297581002,4297581002,"McGregor, TX, United States",View Online,spacex_job_images/4297581002.png,Job Img,5/22/2019,
"CNC VTL Machinist (2nd Shift, Sunday - Thursday)",https://boards.greenhouse.io/spacex/jobs/4297721002?gh_jid=4297721002,4297721002,"Hawthorne, CA, United States",View Online,spacex_job_images/4297721002.png,Job Img,5/22/2019,
"Deburr Operator (2nd Shift, Sunday - Thursday)",https://boards.greenhouse.io/spacex/jobs/4297731002?gh_jid=4297731002,4297731002,"Hawthorne, CA, United States",View Online,spacex_job_images/4297731002.png,Job Img,5/22/2019,
Dishwasher,https://boards.greenhouse.io/spacex/jobs/4296184002?gh_jid=4296184002,4296184002,"Hawthorne, CA, United States",View Online,spacex_job_images/4296184002.png,Job Img,5/22/2019,
IT Services Technician II – Temporary Position,https://boards.greenhouse.io/spacex/jobs/4297574002?gh_jid=4297574002,4297574002,"Brownsville, TX, United States",View Online,spacex_job_images/4297574002.png,Job Img,5/22/2019,
Manufacturing Engineer (Falcon Tank Manufacturing),https://boards.greenhouse.io/spacex/jobs/4296997002?gh_jid=4296997002,4296997002,"Hawthorne, CA, United States",View Online,spacex_job_images/4296997002.png,Job Img,5/22/2019,
Vehicle Integration Technician - Temporary,https://boards.greenhouse.io/spacex/jobs/4297126002?gh_jid=4297126002,4297126002,"Cape Canaveral, FL, United States",View Online,spacex_job_images/4297126002.png,Job Img,5/22/2019,
Process Development Engineer,https://boards.greenhouse.io/spacex/jobs/4297091002?gh_jid=4297091002,4297091002,"Hawthorne, CA, United States",View Online,spacex_job_images/4297091002.png,Job Img,5/24/2019,
Accounts Payable Specialist,https://boards.greenhouse.io/spacex/jobs/4298625002?gh_jid=4298625002,4298625002,"Hawthorne, CA, United States",View Online,spacex_job_images/4298625002.png,Job Img,5/24/2019,
Porter,https://boards.greenhouse.io/spacex/jobs/4298671002?gh_jid=4298671002,4298671002,"Cape Canaveral, FL, United States",View Online,spacex_job_images/4298671002.png,Job Img,5/24/2019,
"CMM Source Inspector - (Remote) - Seattle, WA",https://boards.greenhouse.io/spacex/jobs/4296257002?gh_jid=4296257002,4296257002,"Remote - Seattle, WA, United States",View Online,spacex_job_images/4296257002.png,Job Img,5/24/2019,
Dynamics Engineer,https://boards.greenhouse.io/spacex/jobs/4297664002?gh_jid=4297664002,4297664002,"Hawthorne, CA, United States",View Online,spacex_job_images/4297664002.png,Job Img,5/24/2019,
Food Services Specialist,https://boards.greenhouse.io/spacex/jobs/4298685002?gh_jid=4298685002,4298685002,"McGregor, TX, United States",View Online,spacex_job_images/4298685002.png,Job Img,5/24/2019,
Integration Engineer (Starlink Ground Operations),https://boards.greenhouse.io/spacex/jobs/4296941002?gh_jid=4296941002,4296941002,"Redmond, WA, United States",View Online,spacex_job_images/4296941002.png,Job Img,5/24/2019,
Manufacturing Engineer - Development & Tooling,https://boards.greenhouse.io/spacex/jobs/4298194002?gh_jid=4298194002,4298194002,"Redmond, WA, United States",View Online,spacex_job_images/4298194002.png,Job Img,5/24/2019,
Material Transfer Driver (2nd Shift),https://boards.greenhouse.io/spacex/jobs/4298649002?gh_jid=4298649002,4298649002,"Hawthorne, CA, United States",View Online,spacex_job_images/4298649002.png,Job Img,5/24/2019,
Multibody Dynamics Engineer,https://boards.greenhouse.io/spacex/jobs/4298762002?gh_jid=4298762002,4298762002,"Hawthorne, CA, United States",View Online,spacex_job_images/4298762002.png,Job Img,5/24/2019,
Avionics Systems Analysis Engineer (Dragon),https://boards.greenhouse.io/spacex/jobs/4299992002?gh_jid=4299992002,4299992002,"Hawthorne, CA, United States",View Online,spacex_job_images/4299992002.png,Job Img,5/28/2019,
Propulsion Additive Manufacturing Technician,https://boards.greenhouse.io/spacex/jobs/4306382002?gh_jid=4306382002,4306382002,"Hawthorne, CA, United States",View Online,spacex_job_images/4306382002.png,Job Img,5/30/2019,
Sr. Avionics Software Engineer,https://boards.greenhouse.io/spacex/jobs/4301117002?gh_jid=4301117002,4301117002,"Hawthorne, CA, United States",View Online,spacex_job_images/4301117002.png,Job Img,5/30/2019,
Test Equipment Engineer,https://boards.greenhouse.io/spacex/jobs/4301501002?gh_jid=4301501002,4301501002,"McGregor, TX, United States",View Online,spacex_job_images/4301501002.png,Job Img,5/30/2019,
Launch Communications Engineer,https://boards.greenhouse.io/spacex/jobs/4301257002?gh_jid=4301257002,4301257002,"Cape Canaveral, FL, United States",View Online,spacex_job_images/4301257002.png,Job Img,5/30/2019,
Production Control Scheduler (Dragon Spacecraft),https://boards.greenhouse.io/spacex/jobs/4302313002?gh_jid=4302313002,4302313002,"Hawthorne, CA, United States",View Online,spacex_job_images/4302313002.png,Job Img,5/30/2019,
Propulsion Build Engineer (Raptor),https://boards.greenhouse.io/spacex/jobs/4306057002?gh_jid=4306057002,4306057002,"Hawthorne, CA, United States",View Online,spacex_job_images/4306057002.png,Job Img,5/30/2019,
"CMM Source Inspector - Portland, OR",https://boards.greenhouse.io/spacex/jobs/4306136002?gh_jid=4306136002,4306136002,"Hawthorne, CA, United States",View Online,spacex_job_images/4306136002.png,Job Img,5/30/2019,
Manufacturing Engineer (Launch Vehicle Integration) - Falcon Machining,https://boards.greenhouse.io/spacex/jobs/4306315002?gh_jid=4306315002,4306315002,"Hawthorne, CA, United States",View Online,spacex_job_images/4306315002.png,Job Img,5/30/2019,
Maintenance Technician - Temporary,https://boards.greenhouse.io/spacex/jobs/4306771002?gh_jid=4306771002,4306771002,"McGregor, TX, United States",View Online,spacex_job_images/4306771002.png,Job Img,5/30/2019,
Propulsion Engineer (Thermal & Fluid Analysis),https://boards.greenhouse.io/spacex/jobs/4299952002?gh_jid=4299952002,4299952002,"Hawthorne, CA, United States",View Online,spacex_job_images/4299952002.png,Job Img,5/31/2019,
Purchasing Coordinator,https://boards.greenhouse.io/spacex/jobs/4307402002?gh_jid=4307402002,4307402002,"Hawthorne, CA, United States",View Online,spacex_job_images/4307402002.png,Job Img,5/31/2019,
Food Services Specialist,https://boards.greenhouse.io/spacex/jobs/4307420002?gh_jid=4307420002,4307420002,"Redmond, WA, United States",View Online,spacex_job_images/4307420002.png,Job Img,5/31/2019,
Electron Beam Welder,https://boards.greenhouse.io/spacex/jobs/4307589002?gh_jid=4307589002,4307589002,"Hawthorne, CA, United States",View Online,spacex_job_images/4307589002.png,Job Img,5/31/2019,
Communications Technician - Temporary,https://boards.greenhouse.io/spacex/jobs/4307397002?gh_jid=4307397002,4307397002,"Brownsville, TX, United States",View Online,spacex_job_images/4307397002.png,Job Img,5/31/2019,
Avionics Hardware Engineer (Test),https://boards.greenhouse.io/spacex/jobs/4308098002?gh_jid=4308098002,4308098002,"Hawthorne, CA, United States",View Online,spacex_job_images/4308098002.png,Job Img,5/31/2019,
Sr. Test Engineer (Avionics Hardware Engineering),https://boards.greenhouse.io/spacex/jobs/4308108002?gh_jid=4308108002,4308108002,"Hawthorne, CA, United States",View Online,spacex_job_images/4308108002.png,Job Img,5/31/2019,
"NDE (Non-Destructive Evaluation) Level II Technician, Radiography Inspection",https://boards.greenhouse.io/spacex/jobs/4308140002?gh_jid=4308140002,4308140002,"Hawthorne, CA, United States",View Online,spacex_job_images/4308140002.png,Job Img,5/31/2019,
,,,,,,,,
,,,,,,,,
,,,,,,,,
,,,,,,,,
